Timestamp,Bateria,Snow Scale,Altura nieve,Temperatura (act),Humedad Rel. (act),Presion Barometrica,Velocidad del viento (prom),Velocidad del viento (max),Direccion del viento (vct),Lluvia
2026-03-18T19:00:00,12.73,-0.850,0.0,13.4,47.7,763.0,4.9,7.4,199.4,0.0
2026-03-18T19:30:00,12.73,-0.872,0.0,12.2,54.4,763.2,1.9,4.0,230.0,0.0
2026-03-18T20:00:00,12.73,-0.455,0.0,10.9,67.0,763.1,1.8,4.8,207.8,0.0
2026-03-18T20:30:00,12.73,-0.792,0.0,11.0,70.7,763.1,2.3,4.7,201.1,0.0
2026-03-18T21:00:00,12.70,-1.147,0.0,10.5,72.6,763.0,0.9,2.4,189.6,0.0
2026-03-18T21:30:00,12.70,-1.032,0.0,10.2,77.6,763.2,0.8,2.5,0.0,0.0
2026-03-18T22:00:00,12.70,-0.589,0.0,10.4,75.0,763.1,0.9,1.5,344.1,0.0
2026-03-18T22:30:00,12.67,-0.855,0.0,10.8,53.7,763.1,0.4,1.3,215.7,0.0
2026-03-18T23:00:00,12.67,-0.586,0.0,10.3,62.1,762.9,1.0,2.4,343.2,0.0
2026-03-18T23:30:00,12.67,-0.465,0.0,10.6,48.9,762.8,0.4,0.9,0.0,0.0
2026-03-19T00:00:00,12.67,-0.741,0.0,11.2,39.5,762.6,1.0,2.3,310.5,0.0
2026-03-19T00:30:00,12.64,-0.546,0.0,9.8,47.6,762.6,1.0,2.1,8.7,0.0
2026-03-19T01:00:00,12.64,-0.820,0.0,11.0,40.6,762.5,1.0,2.4,320.8,0.0
2026-03-19T01:30:00,12.61,-0.252,0.0,10.9,42.6,762.5,1.0,2.3,23.3,0.0
2026-03-19T02:00:00,12.61,-0.344,0.0,10.4,42.0,762.1,1.3,2.5,334.1,0.0
2026-03-19T02:30:00,12.61,-0.513,0.0,10.7,39.7,761.8,1.0,2.4,36.9,0.0
2026-03-19T03:00:00,12.61,-0.443,0.0,10.2,40.7,761.6,1.1,2.7,40.9,0.0
2026-03-19T03:30:00,12.61,-0.446,0.0,10.1,41.4,761.2,0.8,1.8,11.6,0.0
2026-03-19T04:00:00,12.61,-0.158,0.0,9.3,41.6,761.1,0.7,2.0,16.3,0.0
2026-03-19T04:30:00,12.61,-0.194,0.0,10.0,41.2,760.7,1.7,3.3,55.4,0.0
2026-03-19T05:00:00,12.61,-0.733,0.0,9.4,43.4,760.5,1.5,3.4,163.6,0.0
2026-03-19T05:30:00,12.58,-0.169,0.0,9.6,43.1,760.4,2.4,5.0,36.9,0.0
2026-03-19T06:00:00,12.58,-0.366,0.0,8.1,49.0,760.6,1.7,3.1,22.6,0.0
2026-03-19T06:30:00,12.58,-0.210,0.0,7.9,49.9,760.7,1.5,2.3,21.1,0.0
2026-03-19T07:00:00,12.55,-0.431,0.0,9.4,44.4,760.8,2.6,4.3,157.0,0.0
2026-03-19T07:30:00,12.55,-0.677,0.0,8.2,44.8,760.7,1.2,2.7,55.3,0.0
2026-03-19T08:00:00,12.58,0.192,0.0,10.5,33.3,760.8,2.3,5.4,213.9,0.0
2026-03-19T08:30:00,12.61,-0.132,0.0,10.3,44.9,761.0,2.1,6.7,151.8,0.0
2026-03-19T09:00:00,13.44,0.667,-0.1,9.8,40.0,761.3,4.0,6.8,171.1,0.0
2026-03-19T09:30:00,13.41,0.573,-0.1,9.7,40.3,761.2,1.9,4.0,235.5,0.0
2026-03-19T10:00:00,13.66,1.351,-0.1,10.8,33.9,761.3,3.3,8.7,195.5,0.0
2026-03-19T10:30:00,13.32,0.612,0.0,10.4,36.4,761.3,1.8,4.0,177.5,0.0
2026-03-19T11:00:00,13.94,0.968,0.0,12.0,20.2,761.3,5.8,11.9,57.7,0.0
2026-03-19T11:30:00,13.32,0.428,-0.1,13.0,17.2,760.9,7.2,15.9,31.1,0.0
2026-03-19T12:00:00,13.44,0.783,-0.1,12.9,17.2,760.8,9.2,15.9,29.7,0.0
2026-03-19T12:30:00,13.50,0.217,0.0,13.6,16.3,760.7,8.6,18.2,32.6,0.0
2026-03-19T13:00:00,13.44,0.313,0.0,13.5,16.8,760.7,6.7,15.4,53.2,0.0
2026-03-19T13:30:00,13.41,0.272,0.0,12.9,19.8,760.5,7.2,12.8,17.7,0.0
2026-03-19T14:00:00,13.38,0.506,0.0,13.5,20.3,760.5,6.4,12.3,34.1,0.0
2026-03-19T14:30:00,13.44,-0.040,0.0,13.2,20.8,760.2,6.9,16.7,47.1,0.0
2026-03-19T15:00:00,13.44,0.117,-0.1,13.4,22.2,760.1,7.7,15.3,26.2,0.0
2026-03-19T15:30:00,13.44,0.111,0.0,13.5,19.7,760.5,7.7,15.0,29.1,0.0
2026-03-19T16:00:00,13.38,0.353,0.0,13.2,19.8,760.1,5.2,10.5,34.9,0.0
2026-03-19T16:30:00,13.38,-0.073,0.0,13.0,18.9,760.1,5.8,10.9,20.7,0.0
2026-03-19T17:00:00,13.38,-0.277,0.0,13.5,17.3,759.8,6.0,12.5,38.1,0.0
2026-03-19T17:30:00,13.26,0.131,0.0,13.4,17.3,759.7,5.5,10.3,29.5,0.0
2026-03-19T18:00:00,13.13,-0.030,0.0,13.1,16.7,759.7,4.4,11.5,57.1,0.0
2026-03-19T18:30:00,13.10,-0.049,0.0,13.3,16.4,759.6,3.2,7.1,73.2,0.0
2026-03-19T19:00:00,13.04,-0.279,0.0,10.9,36.4,759.5,4.0,8.4,212.3,0.0
2026-03-19T19:30:00,13.01,-0.295,0.0,9.9,44.3,759.5,3.1,6.1,170.3,0.0
2026-03-19T20:00:00,12.95,-0.217,0.0,8.3,62.2,759.7,2.8,4.6,191.5,0.0
2026-03-19T20:30:00,12.92,-0.493,0.1,7.1,70.8,759.6,2.7,4.3,194.3,0.0
2026-03-19T21:00:00,12.92,-0.991,0.1,7.6,64.1,759.8,1.7,2.7,167.8,0.0
2026-03-19T21:30:00,12.89,-0.563,0.1,8.0,50.4,760.0,1.1,3.7,201.3,0.0
2026-03-19T22:00:00,12.85,-0.033,0.1,8.1,54.1,760.0,1.0,2.2,173.4,0.0
2026-03-19T22:30:00,12.85,-0.655,0.0,8.8,43.3,759.8,1.8,3.6,194.2,0.0
2026-03-19T23:00:00,12.85,-0.376,0.0,9.1,40.1,760.0,3.5,8.7,209.6,0.0
2026-03-19T23:30:00,12.82,0.055,0.1,9.3,41.4,759.7,2.1,4.1,146.6,0.0
2026-03-20T00:00:00,12.79,-0.274,0.0,8.2,47.7,759.6,0.8,1.9,167.1,0.0
2026-03-20T00:30:00,12.79,-0.452,0.1,8.6,42.7,759.6,1.0,3.1,0.0,0.0
2026-03-20T01:00:00,12.79,-0.038,0.1,7.2,48.8,759.4,1.3,4.2,355.6,0.0
2026-03-20T01:30:00,12.76,0.048,0.1,6.4,59.8,759.1,2.4,7.1,178.2,0.0
2026-03-20T02:00:00,12.73,0.158,0.1,4.3,73.8,759.2,2.9,6.9,209.3,0.0
2026-03-20T02:30:00,12.73,-0.311,0.1,3.7,85.9,758.7,3.1,6.9,201.6,0.0
2026-03-20T03:00:00,12.70,-0.097,0.1,3.3,97.4,759.0,3.6,6.6,204.3,0.0
2026-03-20T03:30:00,12.70,-0.048,0.1,3.6,98.6,758.9,3.0,5.9,192.4,0.0
2026-03-20T04:00:00,12.67,-0.411,0.1,3.6,99.1,758.8,2.4,3.5,199.7,0.0
2026-03-20T04:30:00,12.64,-0.300,0.1,3.6,99.5,758.2,1.5,3.2,234.6,0.0
2026-03-20T05:00:00,12.61,-0.623,0.1,3.9,99.9,757.6,2.8,7.3,198.0,0.0
2026-03-20T05:30:00,12.61,-0.377,0.1,3.7,100.0,757.6,3.0,6.4,194.6,0.0
2026-03-20T06:00:00,12.61,-0.379,0.1,3.6,100.0,757.5,1.9,3.6,190.9,0.0
2026-03-20T06:30:00,12.58,-0.078,0.1,3.6,100.0,757.3,2.5,4.0,200.5,0.0
2026-03-20T07:00:00,12.55,-0.330,0.1,3.7,100.0,757.3,3.4,5.5,200.7,0.0
2026-03-20T07:30:00,12.55,-0.341,0.2,3.6,100.0,757.6,3.8,6.5,214.0,0.0
2026-03-20T08:00:00,12.55,-0.385,0.2,3.5,100.0,757.7,2.3,5.0,198.9,0.0
2026-03-20T08:30:00,12.55,-0.187,0.2,3.2,100.0,757.7,2.5,3.8,210.1,0.0
2026-03-20T09:00:00,12.55,-0.609,0.2,3.1,100.0,757.7,3.0,4.2,205.0,0.0
2026-03-20T09:30:00,12.55,-0.331,0.2,3.2,100.0,757.7,2.7,4.4,208.1,0.0
2026-03-20T10:00:00,12.55,-0.684,0.2,2.9,100.0,757.5,4.9,7.2,200.4,0.0
2026-03-20T10:30:00,12.55,-0.319,0.2,2.9,100.0,757.6,3.6,5.7,197.6,0.0
2026-03-20T11:00:00,12.55,-0.660,0.2,2.8,100.0,757.8,3.1,4.5,201.9,0.0
2026-03-20T11:30:00,12.55,-0.405,0.1,2.7,100.0,757.7,1.4,3.5,0.0,0.0
2026-03-20T12:00:00,12.61,-0.252,0.1,2.9,100.0,757.6,1.6,4.0,183.9,0.1
2026-03-20T12:30:00,12.55,-0.714,0.1,3.1,100.0,757.5,4.1,7.8,214.9,0.0
2026-03-20T13:00:00,12.58,-0.709,0.1,2.9,100.0,757.7,4.8,7.2,196.1,0.0
2026-03-20T13:30:00,12.58,-0.314,0.1,2.5,99.5,757.4,5.1,7.7,199.7,0.0
2026-03-20T14:00:00,12.55,-0.214,0.1,2.5,98.8,757.7,1.6,4.8,244.3,0.0
2026-03-20T14:30:00,12.55,-0.927,0.1,2.2,100.0,758.0,4.5,7.2,192.3,0.0
2026-03-20T15:00:00,12.48,-0.524,0.1,2.0,100.0,757.7,3.8,6.6,206.8,0.0
2026-03-20T15:30:00,12.48,-0.328,0.2,2.0,100.0,757.5,4.6,7.6,200.7,0.2
2026-03-20T16:00:00,12.48,-0.363,0.2,1.4,100.0,758.0,4.0,7.6,213.6,0.4
2026-03-20T16:30:00,12.48,0.873,0.2,1.4,100.0,757.7,3.4,5.8,207.5,0.4
2026-03-20T17:00:00,12.48,1.568,1.0,0.2,100.0,757.8,2.9,4.5,219.8,0.3
2026-03-20T17:30:00,12.48,3.527,0.9,0.2,100.0,757.7,2.1,4.9,215.9,0.1
2026-03-20T18:00:00,12.45,5.999,0.2,-0.1,100.0,758.1,6.1,8.8,195.1,0.0
2026-03-20T18:30:00,12.42,9.130,1.7,-0.5,100.0,758.1,0.9,5.7,241.7,0.0
2026-03-20T19:00:00,12.42,11.682,0.9,-0.8,100.0,758.3,2.0,6.0,359.2,0.0
2026-03-20T19:30:00,12.42,14.274,3.8,-1.4,99.9,758.5,1.0,3.7,155.4,0.0
2026-03-20T20:00:00,12.42,17.530,8.9,-1.6,100.0,758.7,999.9,999.9,999.9,0.0
2026-03-20T20:30:00,12.42,21.421,8.0,-1.7,99.8,758.4,999.9,999.9,999.9,0.0
2026-03-20T21:00:00,12.42,24.893,19.5,-2.1,99.6,758.7,999.9,999.9,999.9,0.0
2026-03-20T21:30:00,12.42,28.190,21.8,-1.9,99.7,759.2,999.9,999.9,999.9,0.0
2026-03-20T22:00:00,12.39,29.399,14.6,-1.8,99.6,759.1,999.9,999.9,999.9,0.0
2026-03-20T22:30:00,12.36,30.452,18.8,-1.8,99.6,759.5,999.9,999.9,999.9,0.0
2026-03-20T23:00:00,12.36,31.260,21.7,-1.6,99.6,759.8,999.9,999.9,999.9,0.0
2026-03-20T23:30:00,12.36,31.783,19.5,-1.4,100.0,759.7,999.9,999.9,999.9,0.0
2026-03-21T00:00:00,12.36,31.110,19.6,-1.4,100.0,759.6,999.9,999.9,999.9,0.0
2026-03-21T00:30:00,12.36,31.394,20.7,-1.3,100.0,759.6,999.9,999.9,999.9,0.0
2026-03-21T01:00:00,12.36,31.457,20.7,-1.3,100.0,759.5,999.9,999.9,999.9,0.0
2026-03-21T01:30:00,12.36,31.539,19.0,-1.3,100.0,759.7,999.9,999.9,999.9,0.0
2026-03-21T02:00:00,12.36,31.659,17.6,-1.2,100.0,759.6,999.9,999.9,999.9,0.0
2026-03-21T02:30:00,12.36,31.714,16.7,-1.1,100.0,759.3,999.9,999.9,999.9,0.0
2026-03-21T03:00:00,12.36,31.858,15.8,-1.4,99.5,759.3,999.9,999.9,999.9,0.0
2026-03-21T03:30:00,12.36,31.476,18.7,-1.5,99.4,759.7,999.9,999.9,999.9,0.0
2026-03-21T04:00:00,12.33,30.350,18.6,-1.4,100.0,759.6,999.9,999.9,999.9,0.0
2026-03-21T04:30:00,12.33,29.454,19.9,-1.6,100.0,760.3,999.9,999.9,999.9,0.0
2026-03-21T05:00:00,12.33,30.392,14.8,-1.7,98.9,760.7,999.9,999.9,999.9,0.0
2026-03-21T05:30:00,12.30,30.253,14.0,-1.8,99.4,760.8,999.9,999.9,999.9,0.0
2026-03-21T06:00:00,12.30,30.346,18.8,-2.7,96.9,760.8,999.9,999.9,999.9,0.0
2026-03-21T06:30:00,12.30,30.489,14.9,-5.0,90.7,760.8,999.9,999.9,999.9,0.0
2026-03-21T07:00:00,12.30,30.768,13.1,-5.0,89.0,761.0,999.9,999.9,999.9,0.0
2026-03-21T07:30:00,12.30,31.705,18.3,-5.7,87.2,761.1,999.9,999.9,999.9,0.0
2026-03-21T08:00:00,12.27,31.825,18.1,-4.9,79.8,761.2,999.9,999.9,999.9,0.0
2026-03-21T08:30:00,12.24,32.030,18.1,-5.2,77.8,761.5,999.9,999.9,999.9,0.0
2026-03-21T09:00:00,12.30,32.796,17.4,-4.3,74.1,761.7,999.9,999.9,999.9,0.0
2026-03-21T09:30:00,12.30,31.572,16.8,-3.6,70.4,761.9,999.9,999.9,999.9,0.0
2026-03-21T10:00:00,12.30,30.959,16.7,-2.2,68.0,762.0,999.9,999.9,999.9,0.2
2026-03-21T10:30:00,12.33,31.024,16.7,-0.8,62.6,761.9,999.9,999.9,999.9,0.0
2026-03-21T11:00:00,12.42,30.020,16.1,0.0,69.7,761.8,999.9,999.9,999.9,0.0
2026-03-21T11:30:00,13.57,28.072,15.0,1.2,60.9,761.9,2.4,4.1,355.6,0.0
2026-03-21T12:00:00,13.66,27.667,15.1,1.8,59.9,761.9,2.0,2.5,22.0,0.1
2026-03-21T12:30:00,13.81,25.710,13.9,2.6,57.7,761.8,2.3,3.2,7.6,10.0
2026-03-21T13:00:00,14.03,24.290,13.1,3.2,58.1,761.7,1.4,2.4,22.8,1.7
2026-03-21T13:30:00,13.57,23.581,11.4,4.2,48.4,761.3,1.4,2.2,43.2,0.0
2026-03-21T14:00:00,13.44,23.125,10.6,5.0,50.0,761.2,1.1,2.0,14.7,0.0
2026-03-21T14:30:00,13.69,22.600,10.6,6.0,41.9,760.7,0.8,1.6,23.5,0.0
2026-03-21T15:00:00,13.57,22.632,8.7,6.5,27.6,760.4,3.3,10.8,351.8,0.0
2026-03-21T15:30:00,13.44,21.426,5.1,7.1,27.4,760.1,8.8,17.2,7.2,0.0
2026-03-21T16:00:00,13.32,21.037,5.3,7.2,27.2,760.3,7.2,11.4,26.1,0.0
2026-03-21T16:30:00,13.32,19.907,5.4,7.7,17.7,760.0,9.1,14.0,27.0,0.0
2026-03-21T17:00:00,13.32,19.490,4.6,7.5,22.6,759.7,8.3,13.1,30.4,0.0
2026-03-21T17:30:00,13.29,19.445,4.9,7.4,20.9,759.6,7.0,11.0,39.0,0.0
2026-03-21T18:00:00,13.16,19.053,3.5,7.5,21.0,759.3,9.1,16.8,31.5,0.0
2026-03-21T18:30:00,13.07,18.439,4.7,6.7,21.9,759.5,10.3,14.1,25.8,0.0
2026-03-21T19:00:00,13.04,18.488,5.0,7.0,23.9,759.4,10.2,17.9,22.2,0.0
2026-03-21T19:30:00,12.98,19.251,4.3,6.7,25.6,759.2,8.6,14.6,32.2,0.0
2026-03-21T20:00:00,12.95,18.189,1.0,7.1,24.0,759.2,10.2,16.1,34.0,0.0
2026-03-21T20:30:00,12.92,18.312,6.7,7.3,27.2,758.8,10.3,17.7,36.3,0.0
2026-03-21T21:00:00,12.92,18.407,6.8,7.3,28.2,758.9,10.2,18.8,33.0,0.0
2026-03-21T21:30:00,12.92,18.337,6.0,7.5,29.5,759.8,4.2,11.4,67.0,0.0
2026-03-21T22:00:00,12.89,18.316,-2.2,6.6,35.2,759.8,2.0,4.6,171.8,0.0
2026-03-21T22:30:00,12.85,18.732,3.2,6.5,43.4,759.5,3.8,9.7,346.4,0.0
2026-03-21T23:00:00,12.85,18.452,8.8,5.8,49.0,759.5,2.5,6.2,242.7,0.0
2026-03-21T23:30:00,12.85,18.411,-1.1,6.6,39.1,759.5,3.8,8.5,148.8,0.0
2026-03-22T00:00:00,12.82,18.614,1.1,5.3,54.6,759.2,0.9,2.8,0.0,0.0
2026-03-22T00:30:00,12.79,19.320,0.9,4.5,59.2,759.1,0.8,2.3,0.0,0.0
2026-03-22T01:00:00,12.79,21.071,0.5,4.0,67.2,759.1,2.2,4.1,198.2,0.0
2026-03-22T01:30:00,12.79,21.903,0.7,4.5,59.0,758.8,1.5,2.8,100.4,0.0
2026-03-22T02:00:00,12.79,23.685,1.0,4.4,58.1,758.6,1.9,4.5,357.4,0.0
2026-03-22T02:30:00,12.76,25.897,1.3,3.1,76.9,758.5,2.0,3.4,145.2,0.0
2026-03-22T03:00:00,12.73,25.383,1.6,5.5,40.6,758.6,3.7,7.5,96.3,0.0
2026-03-22T03:30:00,12.73,26.054,-0.7,4.0,50.9,758.8,4.8,7.4,43.8,0.0
2026-03-22T04:00:00,12.73,26.597,-0.8,2.9,55.4,759.0,2.5,5.9,121.0,0.0
2026-03-22T04:30:00,12.73,27.948,8.7,1.6,70.3,758.9,2.3,5.0,323.0,0.0
2026-03-22T05:00:00,12.70,28.549,-0.3,0.2,82.5,759.1,3.9,6.8,207.0,0.0
2026-03-22T05:30:00,12.70,29.958,-0.5,-0.7,89.9,759.0,1.0,1.8,295.9,0.0
2026-03-22T06:00:00,12.70,31.729,-0.6,-1.0,93.9,759.1,1.7,2.9,348.6,0.0
2026-03-22T06:30:00,12.70,33.574,7.3,-1.2,96.3,759.0,1.2,1.8,0.4,0.0
2026-03-22T07:00:00,12.67,34.676,5.4,-1.1,96.9,758.9,0.5,1.3,0.0,0.0
2026-03-22T07:30:00,12.67,33.730,-0.1,-1.1,97.8,758.8,1.5,3.2,224.1,0.0
2026-03-22T08:00:00,12.67,33.328,-1.5,-1.3,97.7,759.1,1.9,5.4,198.8,0.0
2026-03-22T08:30:00,12.64,31.965,13.6,-1.2,92.9,759.1,4.6,8.4,44.4,0.0
2026-03-22T09:00:00,12.67,29.995,1.0,-1.2,90.7,759.3,6.5,13.9,27.4,0.0
2026-03-22T09:30:00,12.67,28.173,12.8,-1.6,98.7,759.6,3.4,5.0,175.0,0.0
2026-03-22T10:00:00,12.70,28.324,4.1,-1.6,98.5,759.9,3.5,5.6,188.4,0.0
2026-03-22T10:30:00,12.67,29.161,12.8,-1.6,98.3,760.0,2.4,3.5,196.1,0.0
2026-03-22T11:00:00,12.64,29.214,14.3,-1.5,98.4,760.0,2.1,4.0,190.0,0.0
2026-03-22T11:30:00,12.67,29.153,19.6,-1.2,98.6,760.2,1.7,2.6,201.3,0.0
2026-03-22T12:00:00,12.61,30.954,21.5,-1.1,99.0,760.4,3.0,4.4,192.9,0.2
2026-03-22T12:30:00,12.61,31.470,12.1,-0.6,99.0,760.6,0.5,1.2,0.0,0.4
2026-03-22T13:00:00,12.61,32.772,23.5,-0.6,98.7,760.9,0.6,1.2,8.1,0.6
2026-03-22T13:30:00,12.61,34.754,31.4,-0.7,98.5,761.3,0.9,1.5,27.5,0.7
2026-03-22T14:00:00,12.61,36.138,33.7,-0.7,98.7,761.2,999.9,999.9,999.9,0.5
2026-03-22T14:30:00,12.61,38.587,42.0,-0.3,98.4,761.4,999.9,999.9,999.9,0.4
2026-03-22T15:00:00,12.79,39.144,41.8,-0.3,98.5,761.5,999.9,999.9,999.9,0.9
2026-03-22T15:30:00,13.10,39.646,37.5,-0.3,98.5,762.0,0.7,1.5,175.1,0.9
2026-03-22T16:00:00,13.19,40.654,33.1,0.1,98.0,762.3,0.5,1.3,199.1,1.6
2026-03-22T16:30:00,13.19,40.277,39.7,0.0,96.4,762.1,1.8,3.1,60.6,1.9
2026-03-22T17:00:00,13.10,41.511,34.5,0.0,96.2,762.5,0.9,2.5,350.8,1.2
2026-03-22T17:30:00,13.10,41.701,34.8,-0.2,97.1,762.6,1.6,2.8,109.9,1.1
2026-03-22T18:00:00,13.10,42.089,38.0,-0.2,96.1,762.6,1.9,2.9,85.7,0.7
2026-03-22T18:30:00,13.01,43.122,33.8,-0.2,95.6,762.8,1.8,2.6,51.3,0.5
2026-03-22T19:00:00,12.92,43.058,35.1,0.0,91.3,762.9,1.4,3.2,49.0,0.2
2026-03-22T19:30:00,12.79,42.659,34.5,-0.4,90.7,762.9,1.3,3.3,69.5,0.0
2026-03-22T20:00:00,12.73,43.712,34.4,-1.9,94.2,762.8,2.4,3.4,51.7,0.0
2026-03-22T20:30:00,12.67,43.674,34.5,-4.2,93.6,762.9,3.3,4.5,23.2,0.0
2026-03-22T21:00:00,12.61,42.753,34.1,-1.6,87.1,763.1,2.7,4.2,2.5,0.0
2026-03-22T21:30:00,12.61,43.760,34.1,-3.0,88.4,763.6,3.8,5.8,3.4,0.0
2026-03-22T22:00:00,12.58,43.515,30.4,-2.0,82.8,764.0,3.7,5.8,344.8,0.0
2026-03-22T22:30:00,12.55,42.130,23.6,-3.5,77.2,764.2,4.5,6.1,2.1,0.0
2026-03-22T23:00:00,12.55,42.088,31.2,-3.1,73.4,764.3,3.3,4.7,12.9,0.0
2026-03-22T23:30:00,12.52,42.572,32.1,-3.8,70.2,764.4,3.5,5.4,11.1,0.0
2026-03-23T00:00:00,12.48,43.032,25.4,-4.0,69.7,764.4,4.3,6.7,5.8,0.0
2026-03-23T00:30:00,12.48,42.775,32.3,-1.8,58.6,764.2,5.1,6.5,350.1,0.0
2026-03-23T01:00:00,12.48,41.873,32.7,-3.5,64.4,764.2,4.1,5.6,14.1,0.0
2026-03-23T01:30:00,12.48,41.064,32.3,-2.7,60.2,764.4,3.6,5.2,17.8,0.0
2026-03-23T02:00:00,12.48,40.519,30.8,-3.3,59.6,764.4,4.4,6.3,5.0,0.0
2026-03-23T02:30:00,12.42,40.945,30.1,-2.7,54.1,764.3,3.7,5.2,354.4,0.0
2026-03-23T03:00:00,12.42,40.275,26.1,-2.5,48.0,764.2,4.4,6.4,9.4,0.0
2026-03-23T03:30:00,12.42,40.425,25.6,-2.0,42.3,764.1,4.4,7.0,8.3,0.0
2026-03-23T04:00:00,12.42,41.463,25.2,-3.3,47.1,763.9,4.1,6.1,10.3,0.0
2026-03-23T04:30:00,12.42,41.919,33.8,-3.3,46.7,763.7,4.0,5.6,25.1,0.0
2026-03-23T05:00:00,12.42,40.993,33.8,-3.0,44.6,763.9,3.9,5.2,10.9,0.0
2026-03-23T05:30:00,12.36,42.042,31.2,-3.8,48.9,763.8,3.2,4.9,14.0,0.0
2026-03-23T06:00:00,12.36,41.592,30.8,-1.2,41.0,763.9,4.7,6.2,357.1,0.0
2026-03-23T06:30:00,12.36,41.724,31.5,-1.9,45.2,763.8,5.0,7.1,0.8,0.0
2026-03-23T07:00:00,12.36,42.049,31.0,-2.6,46.7,764.0,4.5,6.0,11.5,0.0
2026-03-23T07:30:00,12.36,41.989,23.6,-1.6,44.7,764.1,4.4,5.8,1.0,0.0
2026-03-23T08:00:00,12.36,42.161,31.6,-0.5,39.7,764.2,5.4,7.1,2.1,0.0
2026-03-23T08:30:00,12.36,42.612,31.5,-1.6,41.5,764.3,4.7,6.1,14.7,0.0
2026-03-23T09:00:00,13.38,42.750,30.0,1.2,32.2,764.5,4.3,5.4,0.5,0.0
2026-03-23T09:30:00,13.60,42.420,28.6,1.3,37.5,764.8,4.1,5.5,9.2,0.0
2026-03-23T10:00:00,13.87,41.811,30.0,1.9,43.3,764.9,4.2,6.1,8.8,0.0
2026-03-23T10:30:00,13.50,41.101,29.3,3.3,38.3,765.0,3.0,4.5,6.7,0.0
2026-03-23T11:00:00,14.15,40.756,29.5,4.6,40.1,765.4,2.8,3.9,9.7,0.0
2026-03-23T11:30:00,13.53,40.706,27.1,5.0,41.6,765.5,2.3,3.6,349.2,0.0
2026-03-23T12:00:00,13.44,41.915,26.2,5.9,36.3,765.6,2.7,3.7,13.2,0.0
2026-03-23T12:30:00,13.47,42.646,25.7,6.3,39.0,765.7,2.5,3.7,40.7,0.0
2026-03-23T13:00:00,13.57,42.908,26.2,5.1,53.2,765.5,2.2,3.2,6.6,0.0
2026-03-23T13:30:00,13.57,40.360,21.0,7.1,37.5,765.6,1.9,2.9,40.2,0.0
2026-03-23T14:00:00,13.44,37.775,19.6,5.4,50.9,765.4,2.9,3.8,20.3,0.0
2026-03-23T14:30:00,13.78,35.348,16.7,6.3,46.5,765.4,3.7,4.8,359.3,0.0
2026-03-23T15:00:00,13.44,31.897,15.8,6.3,49.8,765.2,3.4,4.7,0.6,0.0
2026-03-23T15:30:00,13.44,30.580,13.8,6.9,44.6,764.9,3.7,4.9,12.1,0.0
2026-03-23T16:00:00,13.47,28.885,13.8,7.3,40.8,764.9,3.4,4.9,4.5,0.0
2026-03-23T16:30:00,13.44,27.187,10.9,7.8,40.6,764.8,2.8,4.0,355.9,0.0
2026-03-23T17:00:00,13.19,27.255,9.8,7.6,37.6,764.7,2.9,4.7,7.7,0.0
2026-03-23T17:30:00,13.10,26.531,8.3,7.3,38.1,764.5,3.4,5.5,6.8,0.0
2026-03-23T18:00:00,13.04,26.253,7.0,7.7,36.3,764.6,3.0,4.3,11.2,0.0
2026-03-23T18:30:00,13.04,26.055,7.0,6.9,40.6,764.6,2.5,3.3,38.0,0.0
2026-03-23T19:00:00,12.98,25.434,7.6,5.7,46.5,764.6,2.7,3.6,32.3,0.0
2026-03-23T19:30:00,12.98,25.898,6.9,5.7,43.1,764.4,2.9,4.2,14.6,0.0
2026-03-23T20:00:00,12.92,25.525,6.0,4.4,50.9,764.4,3.5,4.9,20.2,0.0
2026-03-23T20:30:00,12.92,26.174,7.6,4.7,47.5,764.3,3.7,4.9,10.4,0.0
2026-03-23T21:00:00,12.92,25.955,6.9,5.4,45.2,764.0,4.5,6.5,1.7,0.0
2026-03-23T21:30:00,12.89,26.610,6.1,3.8,47.8,764.0,4.1,4.8,14.8,0.0
2026-03-23T22:00:00,12.85,26.253,5.7,4.9,42.3,764.0,4.1,5.9,14.2,0.0
2026-03-23T22:30:00,12.85,25.943,5.3,4.6,42.3,763.9,4.6,6.3,359.8,0.0
2026-03-23T23:00:00,12.85,26.173,5.4,4.4,45.3,763.8,4.3,5.7,7.8,0.0
2026-03-23T23:30:00,12.82,27.266,5.1,4.2,41.5,763.4,4.5,6.0,14.1,0.0
2026-03-24T00:00:00,12.79,28.103,5.0,4.4,38.0,763.3,3.5,4.4,16.9,0.0
2026-03-24T00:30:00,12.79,29.549,5.3,3.4,43.3,763.0,3.1,4.0,26.7,0.0
2026-03-24T01:00:00,12.79,29.621,5.3,3.1,46.7,762.7,4.0,5.1,14.4,0.0
2026-03-24T01:30:00,12.79,30.201,5.3,5.0,38.7,762.5,3.4,4.7,2.2,0.0
2026-03-24T02:00:00,12.79,31.338,5.2,5.0,36.0,762.4,2.9,3.8,39.6,0.0
2026-03-24T02:30:00,12.73,33.277,5.1,4.1,42.7,762.5,3.3,4.6,25.7,0.0
2026-03-24T03:00:00,12.73,34.084,5.0,4.1,41.5,762.2,3.8,6.1,26.0,0.0
2026-03-24T03:30:00,12.73,33.504,3.8,5.4,37.0,761.8,3.8,5.1,24.4,0.0
2026-03-24T04:00:00,12.73,33.211,4.5,4.6,39.6,761.7,3.6,4.5,24.0,0.0
2026-03-24T04:30:00,12.73,32.981,4.5,3.6,44.7,761.4,3.7,5.2,14.6,0.0
2026-03-24T05:00:00,12.70,31.865,3.8,4.9,38.5,761.1,4.1,6.6,14.0,0.0
2026-03-24T05:30:00,12.70,30.847,-2.1,6.1,32.9,761.1,3.7,6.0,8.0,0.0
2026-03-24T06:00:00,12.70,30.051,-1.4,5.6,37.2,761.0,3.7,5.9,0.3,0.0
2026-03-24T06:30:00,12.67,29.790,5.7,6.4,33.9,761.0,3.8,5.3,8.3,0.0
2026-03-24T07:00:00,12.67,30.670,5.6,5.8,35.5,761.1,3.3,4.8,19.3,0.0
2026-03-24T07:30:00,12.67,30.774,5.2,3.2,45.1,761.3,3.4,4.5,30.1,0.0
2026-03-24T08:00:00,12.67,29.990,4.5,4.3,40.2,761.4,3.6,4.7,23.1,0.0
2026-03-24T08:30:00,12.67,30.983,4.5,3.5,43.9,761.5,3.5,4.5,23.6,0.0
2026-03-24T09:00:00,13.50,31.680,4.5,4.8,40.6,761.7,3.2,4.5,24.3,0.0
2026-03-24T09:30:00,14.03,35.309,4.6,4.9,44.1,761.9,2.7,3.5,32.3,0.0
2026-03-24T10:00:00,13.44,36.122,3.1,7.1,41.3,762.1,2.5,3.6,50.2,0.0
2026-03-24T10:30:00,13.63,31.261,4.7,8.3,36.8,762.2,2.1,2.6,24.5,0.0
2026-03-24T11:00:00,13.44,26.486,6.9,8.7,37.6,762.5,1.4,2.2,35.0,0.0
2026-03-24T11:30:00,13.78,22.474,8.3,9.0,39.2,762.8,1.4,2.4,21.9,0.0
2026-03-24T12:00:00,13.44,20.127,5.4,10.7,30.2,762.9,1.0,2.0,232.5,0.0
2026-03-24T12:30:00,13.57,18.004,-0.6,9.3,33.0,762.9,1.3,2.6,317.8,0.0
2026-03-24T13:00:00,13.91,15.700,5.4,9.8,36.2,762.7,0.6,2.1,323.1,0.0
2026-03-24T13:30:00,13.47,14.495,4.0,8.9,38.7,762.6,1.6,2.9,6.8,0.0
2026-03-24T14:00:00,13.50,12.699,0.0,9.2,35.0,762.6,2.2,2.9,0.9,0.0
2026-03-24T14:30:00,13.50,10.667,0.0,9.3,39.3,762.3,2.1,2.9,2.5,0.0
2026-03-24T15:00:00,13.47,7.974,-0.1,11.2,31.5,762.3,0.5,2.3,223.4,0.0
2026-03-24T15:30:00,13.81,4.252,0.0,10.3,33.0,762.3,1.3,2.6,309.2,0.0
2026-03-24T16:00:00,13.66,2.031,0.1,9.6,42.9,762.2,1.6,5.1,245.9,0.0
2026-03-24T16:30:00,13.60,-0.162,0.1,8.4,49.2,762.3,4.7,8.0,199.2,0.0
2026-03-24T17:00:00,13.41,-1.314,0.1,7.9,52.8,762.6,3.4,6.0,200.6,0.0
2026-03-24T17:30:00,13.32,-1.467,0.1,7.9,53.7,762.5,0.8,2.3,202.5,0.0
2026-03-24T18:00:00,13.19,-1.261,0.1,6.7,69.4,762.6,3.4,4.8,203.4,0.0
2026-03-24T18:30:00,13.10,-1.730,0.1,6.0,78.6,763.0,3.1,5.2,205.9,0.0
2026-03-24T19:00:00,13.04,-1.832,0.1,5.7,79.5,763.1,0.6,2.1,283.0,0.0
2026-03-24T19:30:00,13.04,-1.691,0.1,5.6,79.4,763.3,0.8,2.6,237.4,0.0
2026-03-24T20:00:00,12.98,-1.431,0.2,5.1,92.5,763.6,2.7,4.0,195.3,0.0
2026-03-24T20:30:00,12.98,-1.799,0.2,4.9,91.9,763.9,0.7,1.8,180.9,0.0
2026-03-24T21:00:00,12.95,-1.664,0.2,4.5,91.6,764.0,1.1,2.1,353.4,0.0
2026-03-24T21:30:00,12.92,-1.268,0.2,3.9,93.1,764.3,1.7,2.4,330.0,0.0
2026-03-24T22:00:00,12.92,-1.488,0.2,3.4,89.5,764.4,3.4,4.6,12.1,0.0
2026-03-24T22:30:00,12.92,-2.188,0.2,5.0,76.5,763.8,2.7,3.8,351.1,0.0
2026-03-24T23:00:00,12.89,-1.430,0.2,4.3,72.1,763.6,1.5,2.6,18.7,0.0
2026-03-24T23:30:00,12.85,-1.811,0.1,4.8,82.0,763.8,1.4,2.4,105.4,0.0
2026-03-25T00:00:00,12.85,-1.482,0.2,4.2,72.0,763.5,3.2,3.9,11.1,0.0
2026-03-25T00:30:00,12.85,-1.633,0.2,3.9,62.7,763.6,2.1,3.3,22.4,0.0
2026-03-25T01:00:00,12.82,-1.141,0.2,4.9,52.4,763.5,2.9,4.0,3.1,0.0
2026-03-25T01:30:00,12.79,-2.099,0.2,4.1,55.9,763.3,2.6,3.7,15.1,0.0
2026-03-25T02:00:00,12.79,-1.382,0.2,3.9,55.6,763.3,2.9,3.6,17.7,0.0
2026-03-25T02:30:00,12.79,-1.700,0.2,3.8,53.2,763.2,3.0,4.0,3.5,0.0
2026-03-25T03:00:00,12.79,-1.371,0.2,4.8,48.3,763.1,2.9,3.4,20.0,0.0
2026-03-25T03:30:00,12.76,-1.910,0.2,3.9,55.9,762.8,2.8,3.9,23.6,0.0
2026-03-25T04:00:00,12.73,-1.793,0.2,4.1,53.4,762.7,2.9,4.2,24.1,0.0
2026-03-25T04:30:00,12.73,-1.648,0.2,4.7,49.4,762.5,3.2,3.9,21.9,0.0
2026-03-25T05:00:00,12.73,-1.456,0.2,4.4,51.5,762.2,3.7,5.3,359.9,0.0
2026-03-25T05:30:00,12.73,-1.169,0.2,5.1,48.0,762.0,2.7,4.2,28.7,0.0
2026-03-25T06:00:00,12.73,-1.933,0.2,4.0,53.3,762.1,2.8,3.9,28.3,0.0
2026-03-25T06:30:00,12.70,-2.056,0.2,4.4,53.8,762.2,3.5,4.6,26.4,0.0
2026-03-25T07:00:00,12.70,-1.474,0.2,4.3,52.3,762.1,3.6,5.4,11.4,0.0
2026-03-25T07:30:00,12.67,-1.514,0.2,3.8,55.6,762.4,3.0,4.6,24.3,0.0
2026-03-25T08:00:00,12.67,-1.605,0.2,3.7,53.2,762.4,3.0,4.3,7.8,0.0
2026-03-25T08:30:00,12.67,-1.079,0.2,2.8,58.2,762.7,3.1,4.1,30.4,0.0
2026-03-25T09:00:00,13.66,-0.824,0.0,5.0,47.6,762.8,3.6,5.3,6.7,0.0
2026-03-25T09:30:00,13.50,-1.079,0.0,5.0,49.7,762.9,4.1,5.2,11.9,0.0
2026-03-25T10:00:00,13.44,-0.703,0.0,7.3,43.1,762.9,3.0,4.0,25.7,0.0
2026-03-25T10:30:00,13.72,-0.031,-0.1,8.0,46.9,763.0,2.6,3.5,11.4,0.0
2026-03-25T11:00:00,13.57,-0.056,-0.1,10.1,34.2,763.0,2.2,3.8,354.8,0.0
2026-03-25T11:30:00,13.91,-0.016,-0.1,11.0,28.6,763.1,2.0,3.4,348.5,0.0
2026-03-25T12:00:00,13.44,0.234,-0.1,12.3,28.3,763.2,0.8,1.9,262.6,0.0
2026-03-25T12:30:00,13.50,0.819,0.1,13.3,24.8,763.3,0.7,1.6,42.0,0.0
2026-03-25T13:00:00,13.50,0.884,0.1,12.9,25.6,763.2,2.5,3.7,330.0,0.0
2026-03-25T13:30:00,13.47,1.456,0.1,13.2,27.6,763.2,2.8,4.4,314.6,0.0
2026-03-25T14:00:00,14.06,1.241,0.1,13.8,24.8,762.9,1.9,3.8,335.2,0.0
2026-03-25T14:30:00,13.47,1.154,0.1,14.6,26.7,762.7,1.1,2.8,310.5,0.0
2026-03-25T15:00:00,13.63,0.127,0.1,14.5,25.8,762.5,3.1,5.5,340.2,0.0
2026-03-25T15:30:00,13.50,0.092,0.1,15.0,24.3,762.4,1.5,3.2,248.5,0.0
2026-03-25T16:00:00,13.57,-0.112,0.1,15.4,24.3,762.3,1.2,3.1,296.5,0.0
2026-03-25T16:30:00,13.50,-0.798,0.2,14.8,27.2,762.2,2.6,5.2,326.4,0.0
2026-03-25T17:00:00,13.16,-0.747,0.1,14.2,24.7,762.3,2.2,5.3,123.6,0.0
2026-03-25T17:30:00,13.07,-1.251,0.1,12.7,29.5,762.2,2.6,4.8,330.1,0.0
2026-03-25T18:00:00,13.04,-1.110,0.1,11.5,44.3,762.4,2.1,3.9,202.7,0.0
2026-03-25T18:30:00,13.04,-1.647,0.1,10.5,54.1,762.5,1.0,2.0,211.8,0.0
2026-03-25T19:00:00,13.01,-1.084,0.1,10.2,50.3,762.5,0.5,1.5,305.2,0.0
2026-03-25T19:30:00,12.98,-1.478,0.1,9.8,46.9,762.7,0.8,1.6,341.6,0.0
2026-03-25T20:00:00,12.98,-1.194,0.1,9.0,52.6,762.7,1.8,2.5,10.3,0.0
2026-03-25T20:30:00,12.92,-1.750,0.1,8.8,56.7,762.7,1.9,3.3,22.9,0.0
2026-03-25T21:00:00,12.92,-1.478,0.1,8.4,57.8,762.9,2.1,3.3,21.4,0.0
2026-03-25T21:30:00,12.92,-1.202,0.1,8.9,50.0,763.0,1.6,3.0,12.2,0.0
2026-03-25T22:00:00,12.89,-1.002,0.1,9.1,41.3,763.1,1.6,2.5,26.6,0.0
2026-03-25T22:30:00,12.85,-0.907,0.2,9.4,38.0,763.1,2.6,4.1,355.8,0.0
2026-03-25T23:00:00,12.85,-0.865,0.2,8.0,49.4,763.0,2.7,5.7,8.4,0.0
2026-03-25T23:30:00,12.85,-1.457,0.2,8.4,40.1,762.9,2.0,3.5,15.0,0.0
2026-03-26T00:00:00,12.82,-0.927,0.2,8.9,37.4,762.8,1.3,2.8,352.5,0.0
2026-03-26T00:30:00,12.79,-1.033,0.2,8.0,42.5,762.7,2.0,3.8,25.5,0.0
2026-03-26T01:00:00,12.79,-1.303,0.1,8.0,42.3,762.4,1.4,2.8,30.0,0.0
2026-03-26T01:30:00,12.79,-0.538,0.2,7.9,44.6,762.4,2.0,3.3,42.1,0.0
2026-03-26T02:00:00,12.76,-1.441,0.2,7.1,47.6,762.3,2.3,4.4,42.8,0.0
2026-03-26T02:30:00,12.76,-1.454,0.2,7.1,46.5,762.2,1.8,4.1,12.3,0.0
2026-03-26T03:00:00,12.73,-1.344,0.2,6.7,45.0,761.9,2.1,4.9,15.7,0.0
2026-03-26T03:30:00,12.73,-0.746,0.2,7.8,38.6,761.8,1.9,3.6,7.9,0.0
2026-03-26T04:00:00,12.73,-1.240,0.1,8.6,36.6,761.6,1.7,3.2,58.1,0.0
2026-03-26T04:30:00,12.70,-0.955,0.2,8.1,42.0,761.4,1.9,4.1,258.2,0.0
2026-03-26T05:00:00,12.70,-1.024,0.2,7.4,44.1,761.2,2.1,4.4,238.9,0.0
2026-03-26T05:30:00,12.70,-1.390,0.2,6.3,50.4,761.4,2.4,4.9,242.8,0.0
2026-03-26T06:00:00,12.70,-1.047,0.2,6.5,55.2,761.4,1.2,2.5,74.6,0.0
2026-03-26T06:30:00,12.67,-1.040,0.2,6.4,58.1,761.6,1.6,3.2,40.6,0.0
2026-03-26T07:00:00,12.67,-1.039,0.2,6.2,54.6,761.8,1.3,3.0,27.1,0.0
2026-03-26T07:30:00,12.67,-0.774,0.2,6.2,56.4,761.9,1.7,3.2,31.9,0.0
2026-03-26T08:00:00,12.67,-0.792,0.2,6.7,51.3,761.9,1.0,3.0,32.7,0.0
2026-03-26T08:30:00,12.67,-1.118,0.2,7.5,45.1,762.0,2.0,3.9,24.6,0.0
2026-03-26T09:00:00,13.47,0.144,-0.1,8.7,44.7,762.2,1.6,3.3,24.4,0.0
2026-03-26T09:30:00,13.94,-0.197,-0.1,10.5,40.3,762.4,1.6,3.9,193.7,0.0
2026-03-26T10:00:00,14.15,0.237,-0.1,10.8,38.1,762.3,1.6,3.7,173.9,0.0
2026-03-26T10:30:00,13.57,0.672,-0.1,11.5,31.1,762.4,1.7,4.7,242.5,0.0
2026-03-26T11:00:00,13.47,1.207,-0.1,12.2,29.8,762.6,2.0,4.2,212.2,0.0
2026-03-26T11:30:00,13.44,1.748,-0.1,12.4,29.7,762.8,1.7,3.5,239.5,0.0
2026-03-26T12:00:00,13.50,2.118,-0.1,12.7,27.5,762.6,1.5,3.5,264.3,0.0
2026-03-26T12:30:00,13.50,2.233,0.0,13.5,26.2,762.5,3.9,6.7,312.4,0.0
2026-03-26T13:00:00,13.50,1.632,0.1,14.9,18.4,762.4,3.7,6.2,353.6,0.0
2026-03-26T13:30:00,14.28,1.763,0.1,14.8,20.0,762.4,3.0,6.5,353.9,0.0
2026-03-26T14:00:00,13.50,1.296,0.1,15.2,19.7,762.4,3.5,6.8,349.2,0.0
2026-03-26T14:30:00,13.50,1.170,0.1,15.6,19.5,762.2,5.2,8.4,8.8,0.0
2026-03-26T15:00:00,13.57,0.301,0.1,15.6,18.9,762.1,5.6,10.9,9.0,0.0
2026-03-26T15:30:00,13.57,0.082,0.1,15.4,17.5,762.1,6.0,11.6,356.7,0.0
2026-03-26T16:00:00,13.50,-0.147,0.1,15.3,17.8,762.1,5.3,9.3,0.0,0.0
2026-03-26T16:30:00,13.53,-0.385,0.2,15.2,21.0,762.0,4.7,9.5,355.2,0.0
2026-03-26T17:00:00,13.16,-0.040,0.1,13.7,23.4,762.1,2.1,4.1,317.3,0.0
2026-03-26T17:30:00,13.10,-0.375,0.1,13.3,22.8,762.0,2.7,5.9,320.0,0.0
2026-03-26T18:00:00,13.07,-0.817,0.1,12.7,21.4,762.1,2.2,6.7,319.5,0.0
2026-03-26T18:30:00,13.04,-0.699,0.1,12.4,24.3,762.0,1.7,3.3,308.2,0.0
2026-03-26T19:00:00,13.01,-1.424,0.1,11.5,30.4,762.2,1.1,2.6,288.6,0.0
2026-03-26T19:30:00,12.98,-1.118,0.1,10.9,48.2,762.3,1.3,3.1,222.5,0.0
2026-03-26T20:00:00,12.98,-0.495,0.1,10.1,38.4,762.3,2.8,4.4,347.1,0.0
2026-03-26T20:30:00,12.95,-1.076,0.1,10.2,34.9,762.5,2.3,3.0,346.5,0.0
2026-03-26T21:00:00,13.04,-0.632,0.2,9.5,39.8,762.6,2.4,3.2,24.1,0.0
2026-03-26T21:30:00,12.92,-0.784,0.1,10.1,31.0,762.7,2.4,4.5,26.5,0.0
2026-03-26T22:00:00,12.92,-0.623,0.2,9.3,34.2,762.7,2.3,3.4,32.2,0.0
2026-03-26T22:30:00,12.89,-0.342,0.2,8.9,39.9,762.7,2.4,4.0,26.5,0.0
2026-03-26T23:00:00,12.85,-0.543,0.2,9.8,29.1,762.7,3.7,6.2,339.6,0.0
2026-03-26T23:30:00,12.85,-0.733,0.2,10.2,28.9,762.7,2.1,4.4,334.6,0.0
2026-03-27T00:00:00,12.85,-0.461,0.2,9.5,30.4,762.7,1.8,3.9,337.3,0.0
2026-03-27T00:30:00,12.85,-0.334,0.2,9.0,34.0,762.6,2.2,4.1,356.1,0.0
2026-03-27T01:00:00,12.79,-0.581,0.2,8.9,34.9,762.5,3.6,5.8,355.0,0.0
2026-03-27T01:30:00,12.79,-0.211,0.2,9.3,31.9,762.4,2.1,4.3,7.2,0.0
2026-03-27T02:00:00,12.79,-0.825,0.2,9.2,28.3,762.5,1.3,2.4,38.3,0.0
2026-03-27T02:30:00,12.79,-0.842,0.2,9.0,32.3,762.4,1.3,2.5,30.8,0.0
2026-03-27T03:00:00,12.76,-0.149,0.2,8.8,33.0,762.1,0.9,2.1,24.2,0.0
2026-03-27T03:30:00,12.73,-0.293,0.2,8.9,35.0,762.0,1.6,3.0,13.9,0.0
2026-03-27T04:00:00,12.73,-0.591,0.2,7.0,43.4,761.9,2.5,3.4,35.9,0.0
2026-03-27T04:30:00,12.73,-0.652,0.2,6.5,42.5,761.8,2.3,3.7,16.5,0.0
2026-03-27T05:00:00,12.70,-0.352,0.2,5.8,46.0,761.8,2.6,3.3,35.1,0.0
2026-03-27T05:30:00,12.70,-0.347,0.2,5.2,51.1,761.9,2.7,3.6,24.5,0.0
2026-03-27T06:00:00,12.70,-0.900,0.2,6.2,41.2,761.9,2.9,3.9,36.7,0.0
2026-03-27T06:30:00,12.67,-0.619,0.2,7.1,41.1,762.2,1.2,2.3,56.2,0.0
2026-03-27T07:00:00,12.67,-0.283,0.2,5.7,46.0,762.6,2.5,3.8,37.8,0.0
2026-03-27T07:30:00,12.67,-0.653,0.2,5.4,45.3,762.6,2.8,4.1,4.5,0.0
2026-03-27T08:00:00,12.64,-0.683,0.2,3.9,55.4,762.8,3.1,4.2,16.8,0.0
2026-03-27T08:30:00,12.64,-0.536,0.2,5.6,46.7,762.7,2.8,4.8,42.0,0.0
2026-03-27T09:00:00,13.57,0.503,-0.1,9.2,30.4,762.9,2.2,4.7,40.6,0.0
2026-03-27T09:30:00,14.06,0.631,-0.1,9.8,33.4,763.2,1.6,2.7,22.1,0.0
2026-03-27T10:00:00,13.63,0.306,-0.1,11.1,26.2,763.3,1.3,3.0,45.8,0.0
2026-03-27T10:30:00,14.18,0.841,-0.1,11.5,27.8,763.4,1.4,3.7,30.6,0.0
2026-03-27T11:00:00,13.47,2.146,-0.1,12.7,23.4,763.5,0.9,2.2,324.5,0.0
2026-03-27T11:30:00,13.50,2.566,-0.1,13.2,24.7,763.6,1.1,2.4,145.2,0.0
2026-03-27T12:00:00,13.53,2.171,-0.1,13.5,20.8,763.7,2.0,4.0,211.7,0.0
2026-03-27T12:30:00,13.50,2.377,0.1,14.3,20.3,763.6,2.8,5.7,338.0,0.0
2026-03-27T13:00:00,13.50,3.065,0.1,14.7,19.4,763.5,1.7,4.9,250.4,0.0
2026-03-27T13:30:00,13.50,1.824,0.1,16.2,12.7,763.5,5.4,10.6,32.6,0.0
2026-03-27T14:00:00,14.18,0.749,0.0,16.1,17.1,763.1,5.7,11.5,19.2,0.0
2026-03-27T14:30:00,13.47,0.616,0.1,16.6,16.1,763.1,7.0,13.1,21.9,0.0
2026-03-27T15:00:00,13.57,0.283,0.1,17.4,12.7,763.0,4.4,8.5,31.2,0.0
2026-03-27T15:30:00,13.57,-0.054,0.1,17.1,14.9,763.0,5.4,8.3,26.0,0.0
2026-03-27T16:00:00,13.50,-0.285,0.1,17.8,14.8,762.8,4.9,9.8,32.3,0.0
2026-03-27T16:30:00,13.50,-0.428,0.2,17.1,13.7,762.9,4.0,8.1,166.8,0.0
2026-03-27T17:00:00,13.16,-0.007,0.1,15.1,24.1,763.1,3.1,6.2,240.2,0.0
2026-03-27T17:30:00,13.10,-0.504,0.1,14.5,21.3,763.0,2.2,4.9,302.3,0.0
2026-03-27T18:00:00,13.07,-0.859,0.1,14.7,21.2,763.0,2.6,4.3,339.1,0.0
2026-03-27T18:30:00,13.04,-0.574,0.1,13.8,21.3,763.0,2.2,6.3,237.9,0.0
2026-03-27T19:00:00,13.04,-0.798,0.1,12.6,43.0,763.2,2.3,4.6,197.6,0.0
2026-03-27T19:30:00,13.01,-0.455,0.1,11.0,56.2,763.2,1.7,3.2,187.6,0.0
2026-03-27T20:00:00,12.98,-0.807,0.1,10.8,55.6,763.2,0.9,1.8,36.2,0.0
2026-03-27T20:30:00,12.98,-0.245,0.1,10.4,50.9,763.2,2.3,4.2,14.4,0.0
2026-03-27T21:00:00,12.92,-0.660,0.1,11.0,38.3,763.3,1.3,2.3,44.9,0.0
2026-03-27T21:30:00,12.92,-0.182,0.1,10.5,40.3,763.4,2.1,5.0,17.8,0.0
2026-03-27T22:00:00,12.92,-0.041,0.1,10.0,42.4,763.4,2.0,3.7,31.2,0.0
2026-03-27T22:30:00,12.92,-0.294,0.1,9.2,43.2,763.2,2.5,3.4,21.6,0.0
2026-03-27T23:00:00,12.89,-0.538,0.1,9.2,43.1,763.3,2.3,4.1,20.9,0.0
2026-03-27T23:30:00,12.85,-0.460,0.1,9.7,33.3,763.2,2.2,3.9,24.1,0.0
2026-03-28T00:00:00,12.85,-0.423,0.1,9.9,34.9,763.2,2.3,3.9,30.7,0.0
2026-03-28T00:30:00,12.85,-0.727,0.1,8.8,41.9,763.1,2.1,4.8,37.7,0.0
2026-03-28T01:00:00,12.82,-0.489,0.1,10.2,29.5,763.1,2.1,4.3,35.5,0.0
2026-03-28T01:30:00,12.79,-0.435,0.1,9.5,30.4,762.9,2.8,4.2,38.6,0.0
2026-03-28T02:00:00,12.79,-0.036,0.1,10.3,26.8,762.7,1.7,3.3,11.7,0.0
2026-03-28T02:30:00,12.79,-0.231,0.1,11.4,24.7,762.6,1.3,2.9,78.3,0.0
2026-03-28T03:00:00,12.79,-0.343,0.1,11.5,25.5,762.6,2.5,4.1,65.0,0.0
2026-03-28T03:30:00,12.76,-0.660,0.1,11.7,24.0,762.6,1.9,3.0,15.5,0.0
2026-03-28T04:00:00,12.73,-0.297,0.1,10.7,28.2,762.2,1.9,4.6,315.3,0.0
2026-03-28T04:30:00,12.73,-0.473,0.1,12.0,23.1,762.1,3.7,6.7,323.8,0.0
2026-03-28T05:00:00,12.73,-0.875,0.1,11.4,26.5,762.0,3.1,5.6,353.9,0.0
2026-03-28T05:30:00,12.70,-0.460,0.1,12.9,21.3,762.1,3.5,6.8,332.4,0.0
2026-03-28T06:00:00,12.70,-0.340,0.1,11.2,25.6,762.1,3.1,6.6,29.3,0.0
2026-03-28T06:30:00,12.70,-0.082,0.1,13.1,19.3,762.2,4.4,10.5,1.2,0.0
2026-03-28T07:00:00,12.70,-0.006,0.1,13.3,17.3,761.9,5.9,12.1,26.1,0.0
2026-03-28T07:30:00,12.70,-0.227,0.0,13.8,17.0,761.9,7.9,13.2,30.5,0.0
2026-03-28T08:00:00,12.70,-0.081,0.1,12.3,21.9,762.3,2.4,4.9,328.6,0.0
2026-03-28T08:30:00,12.70,-0.148,0.1,12.6,19.7,762.4,5.6,11.6,11.5,0.0
2026-03-28T09:00:00,13.44,0.843,-0.2,12.6,25.0,763.1,2.1,5.7,237.5,0.0
2026-03-28T09:30:00,13.75,0.636,-0.1,13.7,21.2,763.4,1.9,5.6,181.6,0.0
2026-03-28T10:00:00,14.21,0.038,-0.1,13.7,23.8,763.8,3.5,7.8,354.8,0.0
2026-03-28T10:30:00,13.57,0.760,-0.1,14.0,24.6,764.0,4.6,8.5,0.2,0.0
2026-03-28T11:00:00,13.50,0.648,0.0,15.0,22.0,764.0,7.0,12.4,21.6,0.0
2026-03-28T11:30:00,13.97,0.236,0.0,15.6,20.5,764.1,8.3,12.8,28.2,0.0
2026-03-28T12:00:00,13.50,0.520,0.0,15.6,21.5,764.2,7.2,13.7,26.6,0.0
2026-03-28T12:30:00,13.47,1.183,0.0,16.0,18.9,764.5,7.5,12.5,24.8,0.0
2026-03-28T13:00:00,13.50,0.874,-0.1,16.7,19.9,764.6,8.7,14.3,20.6,0.0
2026-03-28T13:30:00,13.50,1.031,0.0,17.2,20.0,764.9,8.1,13.3,17.1,0.0
2026-03-28T14:00:00,13.60,0.929,0.0,17.3,17.9,764.8,7.2,13.3,17.2,0.0
2026-03-28T14:30:00,13.57,0.755,0.0,17.1,20.9,764.7,9.0,14.1,18.4,0.0
2026-03-28T15:00:00,13.94,0.248,0.0,17.4,18.6,764.6,9.5,15.7,18.2,0.0
2026-03-28T15:30:00,13.57,-0.021,0.0,17.9,20.2,764.6,9.2,16.2,22.3,0.0
2026-03-28T16:00:00,13.47,-0.210,0.1,18.0,16.3,764.3,9.9,15.9,17.6,0.0
2026-03-28T16:30:00,13.50,-0.541,-0.1,18.2,13.5,764.1,10.7,16.4,18.3,0.0
2026-03-28T17:00:00,13.16,-0.706,-0.1,17.4,19.1,764.3,10.2,17.2,20.3,0.0
2026-03-28T17:30:00,13.10,-0.434,0.0,16.6,20.7,764.1,8.7,14.4,13.3,0.0
2026-03-28T18:00:00,13.07,-0.566,0.1,16.4,20.3,764.3,6.9,12.6,12.7,0.0
2026-03-28T18:30:00,13.04,-1.129,0.1,14.3,36.5,764.5,3.3,5.8,192.3,0.0
2026-03-28T19:00:00,13.04,-0.395,0.1,12.5,46.9,764.6,2.3,4.3,198.2,0.0
2026-03-28T19:30:00,13.01,-0.586,0.2,11.7,51.5,764.7,0.7,1.5,314.3,0.0
2026-03-28T20:00:00,12.98,-0.727,0.1,12.2,45.7,764.7,0.5,0.9,131.3,0.0
2026-03-28T20:30:00,12.98,-1.208,0.1,11.3,56.7,764.7,1.3,4.3,173.7,0.0
2026-03-28T21:00:00,12.95,-1.297,0.1,10.3,62.3,765.2,1.9,3.0,205.4,0.0
2026-03-28T21:30:00,12.92,-0.563,0.1,10.7,54.5,765.2,2.0,3.6,18.0,0.0
2026-03-28T22:00:00,12.92,-0.797,0.1,11.2,38.6,765.2,1.3,3.5,25.6,0.0
2026-03-28T22:30:00,12.92,-0.641,0.1,11.5,34.9,765.2,1.3,2.1,48.8,0.0
2026-03-28T23:00:00,12.92,-0.868,0.1,11.0,35.4,765.1,1.8,2.7,10.4,0.0
2026-03-28T23:30:00,12.89,-0.675,0.1,9.6,44.3,765.0,2.5,3.6,22.1,0.0
2026-03-29T00:00:00,12.85,-0.554,0.1,9.5,44.6,765.0,2.1,3.6,48.3,0.0
2026-03-29T00:30:00,12.85,-0.643,0.1,9.1,43.1,765.1,2.8,4.3,6.8,0.0
2026-03-29T01:00:00,12.85,0.035,0.1,8.6,46.2,765.0,3.7,4.8,13.1,0.0
2026-03-29T01:30:00,12.82,-0.786,0.1,8.9,41.4,764.8,3.3,4.3,27.2,0.0
2026-03-29T02:00:00,12.79,-0.511,0.1,7.8,50.5,764.6,3.5,4.8,23.2,0.0
2026-03-29T02:30:00,12.79,-0.173,0.1,8.4,44.4,764.6,3.5,4.7,23.9,0.0
2026-03-29T03:00:00,12.79,-0.205,0.1,10.0,35.5,764.5,3.9,6.0,357.6,0.0
2026-03-29T03:30:00,12.76,-0.567,0.1,9.0,39.7,764.4,3.8,5.0,21.9,0.0
2026-03-29T04:00:00,12.73,-0.256,0.1,9.2,36.7,764.1,3.3,4.1,26.2,0.0
2026-03-29T04:30:00,12.73,-0.173,0.1,7.5,43.6,764.0,3.5,5.0,14.7,0.0
2026-03-29T05:00:00,12.73,-0.665,0.2,7.9,41.2,763.9,2.9,4.1,21.7,0.0
2026-03-29T05:30:00,12.70,-0.331,0.1,8.1,38.3,763.9,2.8,3.6,16.4,0.0
2026-03-29T06:00:00,12.70,-0.040,0.2,7.9,37.4,764.1,3.5,5.3,17.2,0.0
2026-03-29T06:30:00,12.67,-0.026,0.1,8.0,35.0,764.2,4.4,7.1,9.2,0.0
2026-03-29T07:00:00,12.67,-0.244,0.2,8.0,33.1,764.3,3.4,4.2,23.4,0.0
2026-03-29T07:30:00,12.67,-0.451,0.2,7.7,35.3,764.6,3.3,5.2,26.9,0.0
2026-03-29T08:00:00,12.67,-0.331,0.1,8.2,28.7,764.8,3.2,4.1,26.2,0.0
2026-03-29T08:30:00,12.67,-0.670,0.1,8.4,29.8,764.9,3.3,4.9,30.1,0.0
2026-03-29T09:00:00,13.60,0.748,0.0,8.0,34.9,765.3,3.2,3.6,24.4,0.0
2026-03-29T09:30:00,14.09,-0.194,-0.1,8.9,35.6,765.6,3.2,5.7,22.7,0.0
2026-03-29T10:00:00,13.53,-0.066,-0.1,11.3,27.9,765.7,3.7,5.2,20.5,0.0
2026-03-29T10:30:00,13.57,0.882,-0.1,13.6,25.4,765.8,2.2,5.0,7.8,0.0
2026-03-29T11:00:00,13.50,1.494,-0.1,15.9,16.5,765.8,2.1,3.3,20.2,0.0
2026-03-29T11:30:00,13.57,1.961,-0.1,17.2,18.8,766.0,0.9,3.1,16.3,0.0
2026-03-29T12:00:00,13.50,2.697,-0.1,18.1,13.5,766.1,1.5,2.6,9.4,0.0
2026-03-29T12:30:00,13.94,3.073,-0.1,17.7,15.5,766.0,2.0,3.4,254.4,0.0
2026-03-29T13:00:00,13.50,2.974,0.0,18.0,13.6,766.0,1.6,3.2,208.1,0.0
2026-03-29T13:30:00,13.50,2.969,0.0,17.1,18.5,765.9,2.7,4.8,207.0,0.0
2026-03-29T14:00:00,13.50,2.542,0.0,17.2,21.7,766.0,2.3,3.8,203.5,0.0
2026-03-29T14:30:00,13.50,1.666,0.1,17.5,22.5,766.0,2.9,5.2,204.4,0.0
2026-03-29T15:00:00,13.60,1.551,0.1,18.1,22.2,765.9,2.2,4.1,195.8,0.0
2026-03-29T15:30:00,13.50,1.159,0.0,19.2,22.1,765.9,1.0,3.0,237.2,0.0
2026-03-29T16:00:00,14.06,1.174,0.1,20.4,13.7,765.7,2.4,4.7,329.0,0.0
2026-03-29T16:30:00,13.50,0.464,0.1,20.1,12.6,765.6,3.9,6.0,340.6,0.0
2026-03-29T17:00:00,13.16,-0.017,0.0,19.0,14.2,765.4,3.6,6.6,332.2,0.0
2026-03-29T17:30:00,13.10,-0.421,0.1,18.1,17.0,765.5,1.0,4.6,340.8,0.0
2026-03-29T18:00:00,13.07,0.118,0.1,16.8,18.1,765.4,1.5,3.5,263.7,0.0
2026-03-29T18:30:00,13.07,-0.475,0.1,15.5,35.7,765.3,0.8,1.7,235.7,0.0
2026-03-29T19:00:00,13.04,-0.743,0.1,15.7,32.0,765.2,0.7,2.8,308.3,0.0
2026-03-29T19:30:00,13.04,0.288,0.1,15.8,20.0,765.2,2.8,5.6,6.3,0.0
2026-03-29T20:00:00,13.01,-0.144,0.1,13.4,26.2,765.3,2.5,3.5,20.6,0.0
2026-03-29T20:30:00,12.98,-0.154,0.1,13.1,25.2,765.4,3.0,4.0,19.0,0.0
2026-03-29T21:00:00,12.98,-0.104,0.1,12.7,27.8,765.5,2.6,3.7,28.9,0.0
2026-03-29T21:30:00,12.98,-0.072,0.1,11.5,33.9,765.5,3.4,4.0,21.3,0.0
2026-03-29T22:00:00,12.92,0.093,0.1,11.8,28.6,765.5,3.7,4.7,23.0,0.0
2026-03-29T22:30:00,12.92,-0.155,0.1,12.1,25.3,765.4,3.5,4.4,18.9,0.0
2026-03-29T23:00:00,12.92,0.209,0.1,12.9,22.4,765.4,3.1,4.0,38.5,0.0
2026-03-29T23:30:00,12.92,0.490,0.1,13.0,20.7,765.4,1.4,3.3,22.7,0.0
2026-03-30T00:00:00,12.89,0.397,0.2,10.2,33.2,765.3,2.9,3.5,22.8,0.0
2026-03-30T00:30:00,12.98,0.253,0.2,10.9,28.1,765.2,1.9,2.5,15.6,0.0
2026-03-30T01:00:00,12.85,0.224,0.1,9.2,32.9,765.1,2.8,4.0,31.6,0.0
2026-03-30T01:30:00,12.85,0.328,0.2,9.6,30.5,764.9,3.1,3.8,11.3,0.0
2026-03-30T02:00:00,12.79,-0.212,0.2,8.8,37.5,764.8,2.9,3.5,21.6,0.0
2026-03-30T02:30:00,12.79,0.107,0.2,9.1,34.5,764.7,3.1,3.9,28.6,0.0
2026-03-30T03:00:00,12.79,0.492,0.2,8.4,37.5,764.5,3.4,4.6,18.5,0.0
2026-03-30T03:30:00,12.79,0.110,0.2,9.3,31.8,764.3,3.1,3.9,17.4,0.0
2026-03-30T04:00:00,12.76,0.328,0.2,10.3,26.3,764.4,3.5,4.4,22.9,0.0
2026-03-30T04:30:00,12.73,0.311,0.2,9.4,31.6,764.2,3.3,4.3,31.8,0.0
2026-03-30T05:00:00,12.73,0.249,0.2,10.5,24.7,764.1,3.4,4.6,20.0,0.0
2026-03-30T05:30:00,12.73,0.250,0.2,9.5,27.5,764.1,3.3,4.4,23.9,0.0
2026-03-30T06:00:00,12.70,-0.095,0.2,9.9,25.8,764.1,4.3,5.7,13.3,0.0
2026-03-30T06:30:00,12.70,-0.095,0.2,9.2,28.3,764.2,4.3,5.7,7.1,0.0
2026-03-30T07:00:00,12.70,0.260,0.2,10.6,23.2,764.4,4.3,6.0,13.6,0.0
2026-03-30T07:30:00,12.67,0.046,0.2,9.3,28.6,764.5,4.4,6.2,10.3,0.0
2026-03-30T08:00:00,12.67,0.404,0.2,10.6,23.0,764.5,3.8,5.6,19.1,0.0
2026-03-30T08:30:00,12.67,-0.095,0.2,10.6,22.9,764.6,3.4,4.5,19.7,0.0
2026-03-30T09:00:00,13.60,1.352,0.0,10.8,22.8,764.8,3.9,5.5,20.7,0.0
2026-03-30T09:30:00,14.03,0.928,-0.1,11.9,25.2,764.7,4.9,6.4,5.6,0.0
2026-03-30T10:00:00,13.44,1.008,-0.1,13.1,22.5,764.9,5.3,6.8,7.8,0.0
2026-03-30T10:30:00,14.18,1.413,-0.1,15.2,20.2,765.1,4.9,6.6,13.4,0.0
2026-03-30T11:00:00,13.57,1.855,-0.1,16.3,19.2,765.2,4.3,6.5,24.0,0.0
2026-03-30T11:30:00,13.57,2.528,-0.1,18.1,17.0,765.2,3.3,4.9,8.6,0.0
2026-03-30T12:00:00,13.50,2.448,0.0,16.2,12.7,765.4,2.8,4.1,192.4,0.0
2026-03-30T12:30:00,13.50,2.983,0.0,16.9,11.4,765.4,2.4,4.1,199.7,0.0
2026-03-30T13:00:00,13.57,3.173,0.0,17.6,10.0,765.5,2.1,3.5,194.4,0.0
2026-03-30T13:30:00,13.50,3.657,0.1,17.9,10.0,765.4,2.4,3.8,194.9,0.0
2026-03-30T14:00:00,14.03,2.347,0.1,18.0,13.1,765.3,2.9,4.6,201.3,0.0
2026-03-30T14:30:00,13.50,2.358,0.1,18.8,12.2,765.0,2.4,4.1,201.9,0.0
2026-03-30T15:00:00,13.50,1.043,0.1,18.3,16.7,764.8,3.8,6.3,203.7,0.0
2026-03-30T15:30:00,13.57,0.897,0.1,18.1,17.7,764.8,3.4,5.2,201.9,0.0
2026-03-30T16:00:00,13.50,0.390,0.1,18.6,19.0,764.7,2.3,5.3,210.6,0.0
2026-03-30T16:30:00,13.57,0.447,0.1,18.0,25.2,764.6,4.6,6.3,201.7,0.0
2026-03-30T17:00:00,13.16,0.328,0.1,16.1,31.9,764.6,3.5,5.0,205.2,0.0
2026-03-30T17:30:00,13.10,-0.784,0.1,15.8,35.8,764.7,3.7,5.5,200.9,0.0
2026-03-30T18:00:00,13.07,0.104,0.1,15.2,40.7,764.8,2.7,3.9,192.9,0.0
2026-03-30T18:30:00,13.07,0.061,0.1,14.4,41.6,764.9,0.4,0.9,245.2,0.0
2026-03-30T19:00:00,13.04,-0.594,0.2,14.0,39.4,764.9,1.4,2.2,10.7,0.0
2026-03-30T19:30:00,13.04,-0.564,0.1,13.5,40.7,764.9,1.8,2.4,17.3,0.0
2026-03-30T20:00:00,13.01,0.084,0.1,13.1,35.3,764.9,1.8,2.5,24.8,0.0
2026-03-30T20:30:00,12.98,-0.141,0.2,11.5,40.6,764.7,3.1,3.8,14.0,0.0
2026-03-30T21:00:00,12.98,-0.071,0.2,11.7,41.1,764.9,1.9,2.8,27.7,0.0
2026-03-30T21:30:00,12.95,-0.004,0.2,11.2,40.7,764.9,2.6,3.6,10.4,0.0
2026-03-30T22:00:00,12.92,0.399,0.2,10.8,42.1,765.0,2.1,2.9,20.4,0.0
2026-03-30T22:30:00,12.92,-0.234,0.2,11.3,37.0,764.9,3.3,3.9,26.9,0.0
2026-03-30T23:00:00,12.92,0.365,0.2,10.5,35.1,764.7,3.3,5.1,18.9,0.0
2026-03-30T23:30:00,12.92,0.053,0.2,12.2,28.2,764.7,2.7,4.0,40.0,0.0
2026-03-31T00:00:00,12.89,0.087,0.2,11.5,27.7,764.6,3.4,4.5,20.4,0.0
2026-03-31T00:30:00,12.85,0.678,0.2,10.2,34.4,764.5,3.5,5.2,13.8,0.0
2026-03-31T01:00:00,12.85,-0.013,0.2,10.9,29.4,764.3,4.1,6.2,12.2,0.0
2026-03-31T01:30:00,12.85,0.218,0.2,11.5,24.7,764.4,3.2,5.0,28.7,0.0
2026-03-31T02:00:00,12.85,0.002,0.2,10.8,26.9,764.2,3.9,5.8,29.7,0.0
2026-03-31T02:30:00,12.79,0.267,0.2,11.2,25.0,764.1,4.0,5.7,26.2,0.0
2026-03-31T03:00:00,12.79,0.141,0.2,10.8,25.7,764.0,3.6,6.4,15.4,0.0
2026-03-31T03:30:00,12.79,0.377,0.2,9.8,29.9,763.8,4.3,6.4,12.8,0.0
2026-03-31T04:00:00,12.76,0.520,0.2,10.3,27.8,763.7,4.2,6.6,13.2,0.0
2026-03-31T04:30:00,12.73,0.310,0.2,10.5,25.6,763.4,4.4,6.6,18.3,0.0
2026-03-31T05:00:00,12.73,0.316,0.2,9.9,27.9,763.4,3.8,6.5,19.2,0.0
2026-03-31T05:30:00,12.73,0.441,0.2,9.9,26.8,763.1,4.9,6.0,13.8,0.0
2026-03-31T06:00:00,12.73,0.317,0.2,9.3,30.1,763.1,4.7,6.7,5.4,0.0
2026-03-31T06:30:00,12.70,0.305,0.2,10.3,25.7,763.1,3.5,5.7,27.4,0.0
2026-03-31T07:00:00,12.70,0.368,0.2,9.7,26.7,763.3,4.0,6.1,9.0,0.0
2026-03-31T07:30:00,12.70,0.597,0.2,10.0,24.0,763.3,3.1,5.3,14.5,0.0
2026-03-31T08:00:00,12.67,0.381,0.2,9.0,29.1,763.4,4.1,5.3,4.3,0.0
2026-03-31T08:30:00,12.67,0.347,0.2,9.3,25.9,763.6,3.2,4.9,18.6,0.0
2026-03-31T09:00:00,13.60,1.057,0.0,9.6,28.0,763.6,3.6,4.9,14.1,0.0
2026-03-31T09:30:00,14.06,0.819,0.0,11.4,20.7,763.9,3.3,5.6,17.0,0.0
2026-03-31T10:00:00,13.47,0.978,0.0,12.6,21.3,764.0,3.1,4.6,20.8,0.0
2026-03-31T10:30:00,13.50,1.486,0.0,13.6,23.5,763.9,4.2,6.3,8.1,0.0
2026-03-31T11:00:00,13.47,1.656,0.0,14.5,14.4,764.1,2.3,3.6,62.3,0.0
2026-03-31T11:30:00,13.78,2.684,-0.1,13.9,15.6,764.3,2.5,3.9,187.1,0.0
2026-03-31T12:00:00,13.57,2.431,0.0,14.8,16.9,764.5,2.3,3.8,193.5,0.0
2026-03-31T12:30:00,14.00,3.215,0.0,15.2,16.6,764.4,2.0,4.0,192.0,0.0
2026-03-31T13:00:00,13.50,3.155,0.1,15.4,15.8,764.4,2.3,4.0,198.6,0.0
2026-03-31T13:30:00,13.50,1.945,0.1,15.6,18.9,764.4,3.2,4.8,194.0,0.0
2026-03-31T14:00:00,13.60,1.999,0.1,15.4,19.2,764.5,4.2,6.0,196.1,0.0
2026-03-31T14:30:00,13.50,1.684,0.1,16.0,19.8,764.3,4.3,7.0,202.2,0.0
2026-03-31T15:00:00,14.00,1.319,0.1,16.1,19.5,764.1,3.6,5.9,202.1,0.0
2026-03-31T15:30:00,13.50,0.947,0.1,16.4,21.1,764.2,3.6,5.9,197.2,0.0
2026-03-31T16:00:00,13.81,0.424,0.1,16.2,21.0,764.1,4.0,7.0,204.8,0.0
2026-03-31T16:30:00,13.50,0.486,0.1,16.5,23.5,764.0,3.7,7.3,204.2,0.0
2026-03-31T17:00:00,13.16,0.563,0.1,15.2,25.2,764.1,3.9,5.6,211.5,0.0
2026-03-31T17:30:00,13.10,-0.162,0.1,14.9,28.6,764.1,4.2,6.0,203.9,0.0
2026-03-31T18:00:00,13.07,-0.402,0.2,14.3,30.3,764.2,3.7,5.1,201.5,0.0
2026-03-31T18:30:00,13.04,0.119,0.1,14.2,31.7,764.2,2.7,4.2,199.0,0.0
2026-03-31T19:00:00,13.04,-0.029,0.2,13.0,41.5,764.4,2.9,3.8,202.5,0.0
2026-03-31T19:30:00,13.01,-0.717,0.2,12.2,46.0,764.6,0.7,1.6,189.5,0.0
2026-03-31T20:00:00,12.98,-0.140,0.2,11.2,42.4,764.8,2.4,3.3,15.7,0.0
2026-03-31T20:30:00,12.98,-0.303,0.2,11.2,42.6,765.0,2.1,3.2,23.4,0.0
2026-03-31T21:00:00,12.98,0.466,0.2,10.4,44.6,764.9,2.6,3.5,14.2,0.0
2026-03-31T21:30:00,12.95,0.400,0.2,10.4,44.6,764.8,2.6,3.1,24.0,0.0
2026-03-31T22:00:00,12.92,0.284,0.2,10.6,41.9,764.7,2.4,3.4,29.5,0.0
2026-03-31T22:30:00,12.92,0.212,0.2,10.1,42.4,764.7,2.4,4.2,28.5,0.0
2026-03-31T23:00:00,12.92,0.141,0.2,10.2,38.3,764.7,1.4,2.5,20.7,0.0
2026-03-31T23:30:00,12.89,0.399,0.2,8.6,46.4,764.6,2.7,3.7,18.8,0.0
2026-04-01T00:00:00,12.85,-0.021,0.2,9.1,40.4,764.8,2.0,2.7,19.6,0.0
2026-04-01T00:30:00,12.85,0.220,0.2,8.5,43.4,764.4,3.1,4.3,20.5,0.0
2026-04-01T01:00:00,12.85,-0.089,0.2,9.5,34.6,764.2,2.9,4.0,15.3,0.0
2026-04-01T01:30:00,12.82,0.431,0.2,8.9,32.4,764.2,2.9,4.7,6.8,0.0
2026-04-01T02:00:00,12.79,0.069,0.2,8.7,31.0,764.1,3.8,5.6,25.0,0.0
2026-04-01T02:30:00,12.79,0.254,0.2,9.1,29.4,764.0,3.3,5.3,30.8,0.0
2026-04-01T03:00:00,12.79,0.147,0.2,9.0,30.4,763.7,3.8,5.0,12.0,0.0
2026-04-01T03:30:00,12.76,-0.019,0.2,9.3,27.5,763.4,3.9,6.7,7.8,0.0
2026-04-01T04:00:00,12.73,0.507,0.2,9.6,23.5,763.3,2.5,3.4,56.3,0.0
2026-04-01T04:30:00,12.73,0.353,0.2,8.1,29.0,763.4,2.3,3.3,13.7,0.0
2026-04-01T05:00:00,12.73,0.504,0.2,7.3,32.7,763.3,3.1,4.1,27.2,0.0
2026-04-01T05:30:00,12.70,0.682,0.2,9.3,23.7,763.3,2.7,3.9,51.1,0.0
2026-04-01T06:00:00,12.70,0.110,0.2,7.0,34.7,763.5,2.1,3.1,15.0,0.0
2026-04-01T06:30:00,12.67,0.271,0.3,7.5,35.4,763.5,2.8,4.0,20.6,0.0
2026-04-01T07:00:00,12.67,0.462,0.3,6.7,35.0,763.9,2.4,3.2,18.6,0.0
2026-04-01T07:30:00,12.67,0.161,0.3,6.2,38.3,764.0,3.1,4.1,24.0,0.0
2026-04-01T08:00:00,12.67,0.572,0.3,6.6,36.0,764.1,3.2,4.1,11.2,0.0
2026-04-01T08:30:00,12.67,0.124,0.3,6.1,38.6,764.2,2.8,3.9,14.0,0.0
2026-04-01T09:00:00,13.66,0.454,0.1,7.1,35.8,764.3,2.7,3.8,3.8,0.0
2026-04-01T09:30:00,14.15,0.875,0.1,8.9,32.2,764.5,3.0,4.1,18.0,0.0
2026-04-01T10:00:00,13.44,1.303,0.0,10.2,27.8,764.4,3.0,5.0,12.0,0.0
2026-04-01T10:30:00,13.44,1.957,0.0,12.0,21.7,764.8,1.7,2.7,168.6,0.0
2026-04-01T11:00:00,13.50,2.245,0.0,11.5,24.9,764.9,2.1,3.7,203.4,0.0
2026-04-01T11:30:00,13.47,2.271,0.0,11.8,27.7,764.9,2.2,4.0,183.4,0.0
2026-04-01T12:00:00,13.57,2.398,0.1,11.8,31.4,764.9,3.2,4.6,194.2,0.0
2026-04-01T12:30:00,13.50,2.445,0.1,12.1,29.5,764.9,2.0,4.1,197.8,0.0
2026-04-01T13:00:00,13.94,3.995,0.1,14.4,24.7,764.7,0.7,2.0,291.7,0.0
2026-04-01T13:30:00,13.50,3.010,0.2,13.8,22.7,764.8,3.7,5.6,202.5,0.0
2026-04-01T14:00:00,13.53,1.992,0.2,13.6,32.4,764.6,3.3,5.4,205.7,0.0
2026-04-01T14:30:00,13.50,1.600,0.2,13.8,36.0,764.7,2.7,4.9,200.1,0.0
2026-04-01T15:00:00,13.50,1.180,0.2,14.2,35.8,764.5,2.6,5.6,206.9,0.0
2026-04-01T15:30:00,13.66,0.813,0.2,14.0,40.0,764.3,3.7,5.5,205.8,0.0
2026-04-01T16:00:00,13.57,0.358,0.2,14.1,42.7,764.1,3.4,5.9,203.3,0.0
2026-04-01T16:30:00,14.06,0.225,0.3,14.0,48.3,764.1,4.5,7.0,202.8,0.0
2026-04-01T17:00:00,13.16,0.305,0.2,12.8,56.4,764.2,3.4,5.1,196.0,0.0
2026-04-01T17:30:00,13.10,-0.007,0.2,11.8,63.6,764.3,5.3,7.5,202.5,0.0
2026-04-01T18:00:00,13.07,-0.454,0.2,11.2,70.2,764.4,4.5,6.2,206.5,0.0
2026-04-01T18:30:00,13.04,-0.222,0.2,10.8,75.5,764.6,2.0,3.6,201.9,0.0
2026-04-01T19:00:00,13.04,-0.290,0.2,10.5,78.6,764.6,1.6,3.2,207.3,0.0
2026-04-01T19:30:00,12.98,-0.686,0.3,9.7,85.1,764.6,2.4,3.7,203.2,0.0
2026-04-01T20:00:00,12.98,-0.780,0.3,9.5,87.1,764.5,1.2,2.3,221.3,0.0
2026-04-01T20:30:00,12.98,-0.601,0.2,8.9,91.5,764.8,0.4,1.0,221.4,0.0
2026-04-01T21:00:00,12.95,-0.686,0.3,9.1,89.8,764.8,0.7,1.1,202.2,0.0
2026-04-01T21:30:00,12.92,-0.320,0.2,8.6,88.4,765.0,1.6,2.5,12.5,0.0
2026-04-01T22:00:00,12.92,-0.152,0.2,8.2,86.3,765.0,2.1,3.8,14.8,0.0
2026-04-01T22:30:00,12.92,-0.243,0.3,7.9,78.2,764.8,2.6,4.3,16.0,0.0
2026-04-01T23:00:00,12.89,-0.904,0.3,7.9,74.7,765.0,2.6,3.5,9.7,0.0
2026-04-01T23:30:00,12.85,-0.568,0.3,8.7,69.6,765.0,1.1,2.2,339.7,0.0
2026-04-02T00:00:00,12.85,-0.099,0.3,8.8,65.2,765.0,1.8,2.7,27.1,0.0
2026-04-02T00:30:00,12.85,-0.248,0.2,8.2,60.2,764.8,1.9,2.8,50.3,0.0
2026-04-02T01:00:00,12.82,-0.399,0.3,8.7,54.6,764.8,1.9,3.9,16.2,0.0
2026-04-02T01:30:00,12.79,-1.009,0.3,7.6,57.0,764.5,1.6,2.5,10.9,0.0
2026-04-02T02:00:00,12.79,-0.536,0.3,6.8,58.0,764.4,3.0,4.4,9.9,0.0
2026-04-02T02:30:00,12.79,-0.734,0.3,8.1,45.6,764.2,2.2,3.3,16.8,0.0
2026-04-02T03:00:00,12.73,-0.061,0.3,8.5,42.8,763.9,3.2,4.4,45.2,0.0
2026-04-02T03:30:00,12.73,-0.393,0.3,7.3,43.7,763.9,2.8,4.3,20.5,0.0
2026-04-02T04:00:00,12.73,0.066,0.3,7.8,37.8,763.6,2.7,3.4,16.1,0.0
2026-04-02T04:30:00,12.70,0.084,0.3,6.3,43.7,763.5,3.3,4.8,12.5,0.0
2026-04-02T05:00:00,12.70,-0.501,0.3,7.0,38.2,763.5,3.0,3.7,17.1,0.0
2026-04-02T05:30:00,12.67,0.041,0.3,6.1,44.9,763.5,3.3,4.4,19.4,0.0
2026-04-02T06:00:00,12.67,-0.121,0.3,5.9,45.4,763.4,3.3,4.6,12.0,0.0
2026-04-02T06:30:00,12.67,0.317,0.3,6.8,37.5,763.5,3.7,4.9,21.9,0.0
2026-04-02T07:00:00,12.64,0.104,0.3,7.0,38.1,763.7,3.4,4.5,18.3,0.0
2026-04-02T07:30:00,12.64,-0.451,0.3,6.1,41.4,763.5,4.0,5.9,21.1,0.0
2026-04-02T08:00:00,12.61,-0.673,0.3,6.9,35.4,763.7,3.5,4.8,9.8,0.0
2026-04-02T08:30:00,12.64,-0.058,0.3,7.7,31.4,763.7,3.9,4.8,9.5,0.0
2026-04-02T09:00:00,13.63,0.525,0.1,8.3,29.1,763.7,4.4,5.9,14.1,0.0
2026-04-02T09:30:00,14.12,-0.123,0.0,8.7,32.8,763.8,3.4,5.3,24.5,0.0
2026-04-02T10:00:00,13.44,0.708,0.1,10.6,22.8,763.9,4.4,6.4,13.4,0.0
2026-04-02T10:30:00,13.44,1.005,0.1,12.9,19.9,764.1,2.6,3.8,37.3,0.0
2026-04-02T11:00:00,13.97,1.725,0.1,14.0,18.7,764.1,2.7,4.3,18.7,0.0
2026-04-02T11:30:00,13.57,2.212,0.0,14.0,15.0,764.3,1.9,3.8,190.0,0.0
2026-04-02T12:00:00,13.50,2.239,0.0,13.7,16.2,764.3,1.7,3.9,213.3,0.0
2026-04-02T12:30:00,13.50,2.553,0.1,14.1,15.3,764.4,2.3,3.6,199.4,0.0
2026-04-02T13:00:00,13.47,2.759,0.2,14.3,20.4,764.2,2.6,4.0,200.3,0.0
2026-04-02T13:30:00,13.53,2.341,0.2,14.4,24.6,764.1,3.6,5.8,200.6,0.0
2026-04-02T14:00:00,13.50,2.098,0.2,14.3,29.2,764.2,2.9,5.6,203.6,0.0
2026-04-02T14:30:00,14.09,1.446,0.2,14.7,31.4,763.9,3.7,6.6,201.8,0.0
2026-04-02T15:00:00,13.50,1.494,0.2,15.0,33.2,763.9,3.2,6.7,201.0,0.0
2026-04-02T15:30:00,13.50,0.882,0.2,14.7,37.4,763.8,4.5,6.7,206.4,0.0
2026-04-02T16:00:00,13.50,0.428,0.2,14.8,38.7,763.8,4.8,7.4,201.9,0.0
2026-04-02T16:30:00,13.53,0.611,0.2,14.6,39.3,763.9,3.4,5.4,208.7,0.0
2026-04-02T17:00:00,13.16,0.008,0.2,13.8,43.0,763.8,3.2,5.7,209.7,0.0
2026-04-02T17:30:00,13.10,-0.201,0.2,13.1,47.3,763.8,3.3,5.4,199.3,0.0
2026-04-02T18:00:00,13.07,-0.536,0.2,12.4,49.5,763.9,3.0,5.7,200.6,0.0
2026-04-02T18:30:00,13.04,-0.639,0.2,11.7,53.2,764.0,2.5,4.2,199.7,0.0
2026-04-02T19:00:00,13.04,-0.427,0.2,11.2,57.6,764.1,3.5,4.8,196.8,0.0
2026-04-02T19:30:00,13.01,-0.470,0.2,10.4,60.6,764.4,3.4,5.0,195.2,0.0
2026-04-02T20:00:00,12.98,0.043,0.2,9.9,63.6,764.5,1.7,2.8,195.9,0.0
2026-04-02T20:30:00,12.98,-0.357,0.2,9.6,65.5,764.7,0.7,1.8,35.3,0.0
2026-04-02T21:00:00,12.95,-0.559,0.2,9.2,67.5,764.6,0.8,1.7,358.5,0.0
2026-04-02T21:30:00,12.92,-0.485,0.2,9.3,65.8,764.9,1.6,2.6,354.2,0.0
2026-04-02T22:00:00,12.92,-0.254,0.2,8.9,67.5,764.8,1.6,2.7,2.9,0.0
2026-04-02T22:30:00,12.92,-0.174,0.2,8.4,67.6,765.0,1.4,3.4,28.3,0.0
2026-04-02T23:00:00,12.92,-0.307,0.2,8.5,64.2,764.9,1.9,3.2,7.0,0.0
